lat,long,city,country,lookup,temp,hum,wind,cloud,name
55.65095876077217,-137.68021880952503,sitka,us,"sitka,us",48.0,48.0,5.01,33.0,"Sitka, US"
11.130701436834627,-89.20286582884995,puerto el triunfo,sv,"puerto el triunfo,sv",78.8,83.0,2.24,20.0,"Puerto El Triunfo, SV"
-42.04061108805529,-160.1908850358594,avarua,ck,"avarua,ck",80.6,78.0,14.99,2.0,"Avarua, CK"
29.504467889680342,-0.3854903952573352,adrar,dz,"adrar,dz",66.2,25.0,11.41,0.0,"Adrar, DZ"
-6.109165514787833,-164.43922152910224,samusu,ws,"samusu,ws",,,,,
-21.57891297980423,110.16924159637745,carnarvon,au,"carnarvon,au",78.8,74.0,10.29,0.0,"Carnarvon, AU"
10.927430962043047,120.58834983547564,agutaya,ph,"agutaya,ph",81.9,80.0,7.76,100.0,"Agutaya, PH"
48.04845117949472,102.7985567730525,bulgan,mn,"bulgan,mn",4.06,92.0,12.59,100.0,"Bulgan, MN"
-34.771871835295315,21.726450828348703,george,za,"george,za",64.4,93.0,3.36,98.0,"George, ZA"
-4.7451863241838055,-31.044555340507088,nisia floresta,br,"nisia floresta,br",78.8,78.0,6.93,75.0,"Nisia Floresta, BR"
-52.92777291673211,82.16436975541234,busselton,au,"busselton,au",86.58,26.0,2.44,0.0,"Busselton, AU"
-42.85303604732113,-4.066376983191731,saldanha,za,"saldanha,za",63.68,87.0,24.61,35.0,"Saldanha, ZA"
69.39837713581909,-88.80295563181306,thompson,ca,"thompson,ca",6.8,71.0,4.7,90.0,"Thompson, CA"
80.963885809401,-126.41135262030217,tuktoyaktuk,ca,"tuktoyaktuk,ca",-7.6,76.0,6.93,75.0,"Tuktoyaktuk, CA"
50.04911917696015,-81.51986455078269,cochrane,ca,"cochrane,ca",42.28,52.0,18.34,75.0,"Cochrane, CA"
-59.563290003070975,47.51995583244866,east london,za,"east london,za",66.25,84.0,3.62,8.0,"East London, ZA"
6.113943139832713,-102.06295918923288,tecoanapa,mx,"tecoanapa,mx",82.4,74.0,10.29,40.0,"Tecoanapa, MX"
-68.4973606893953,-172.71420877315882,vaini,to,"vaini,to",77.0,69.0,13.87,20.0,"Vaini, TO"
67.71864883208113,147.6589943527286,belaya gora,ru,"belaya gora,ru",-3.66,98.0,4.7,100.0,"Belaya Gora, RU"
33.6714924326872,-147.33323556909846,kahului,us,"kahului,us",81.0,66.0,10.29,40.0,"Kahului, US"
-62.252754280661065,138.66011941406714,new norfolk,au,"new norfolk,au",56.73,35.0,24.16,75.0,"New Norfolk, AU"
-12.695937300254343,144.8870676381929,port moresby,pg,"port moresby,pg",87.8,66.0,17.22,40.0,"Port Moresby, PG"
26.88605414851928,68.62183829482271,kandiari,pk,"kandiari,pk",68.41,66.0,7.52,0.0,"Kandiari, PK"
-5.545723157172759,110.07267356284166,mlonggo,id,"mlonggo,id",93.2,34.0,13.87,20.0,"Mlonggo, ID"
-36.207977482744056,27.044686505734603,port alfred,za,"port alfred,za",60.01,95.0,8.66,0.0,"Port Alfred, ZA"
42.98633495841628,166.8212065806037,nikolskoye,ru,"nikolskoye,ru",37.76,80.0,11.18,90.0,"Nikolskoye, RU"
1.771477960774206,-27.36084147185153,touros,br,"touros,br",78.8,78.0,6.93,75.0,"Touros, BR"
20.437932278866654,-80.0537943119966,trinidad,cu,"trinidad,cu",77.0,94.0,3.36,47.0,"Trinidad, CU"
2.9725685079534543,56.061343447883786,victoria,sc,"victoria,sc",78.8,88.0,6.93,75.0,"Victoria, SC"
15.991908844220006,-102.60539503833893,ixtapa,mx,"ixtapa,mx",77.0,88.0,4.7,90.0,"Ixtapa, MX"
-58.94327681636197,12.582373739395678,hermanus,za,"hermanus,za",64.67,94.0,28.32,100.0,"Hermanus, ZA"
-32.29267079643124,72.68572736441328,bambous virieux,mu,"bambous virieux,mu",75.2,73.0,14.99,75.0,"Bambous Virieux, MU"
5.741410438394212,34.30028545530135,kapoeta,sd,"kapoeta,sd",,,,,
48.64944873561845,-69.42510847319232,les escoumins,ca,"les escoumins,ca",8.44,73.0,11.3,0.0,"Les Escoumins, CA"
-48.374850744263995,-9.128653210563414,cape town,za,"cape town,za",64.24,77.0,21.92,20.0,"Cape Town, ZA"
-62.17608786199963,-130.484287744415,rikitea,pf,"rikitea,pf",73.29,83.0,20.92,94.0,"Rikitea, PF"
75.5579280776955,177.3306352570827,leningradskiy,ru,"leningradskiy,ru",17.49,85.0,10.33,0.0,"Leningradskiy, RU"
33.658958401522426,-165.23803579915045,kapaa,us,"kapaa,us",79.75,83.0,5.82,1.0,"Kapaa, US"
-45.544054175643396,69.29973839794016,souillac,mu,"souillac,mu",75.2,73.0,14.99,75.0,"Souillac, MU"
-19.852758620057244,0.026209945115937217,jamestown,sh,"jamestown,sh",68.23,80.0,16.28,72.0,"Jamestown, SH"
48.37245114317949,-25.899821580680054,lagoa,pt,"lagoa,pt",48.06,70.0,8.05,0.0,"Lagoa, PT"
-78.22132815380726,20.816384997782933,bredasdorp,za,"bredasdorp,za",63.72,88.0,3.36,82.0,"Bredasdorp, ZA"
42.94046236857045,-50.5544201862493,torbay,ca,"torbay,ca",38.19,81.0,5.99,83.0,"Torbay, CA"
-79.46035563789879,161.53986690516,bluff,nz,"bluff,nz",50.0,93.0,7.0,100.0,"Bluff, NZ"
-3.028355883879783,94.16352978215207,padang,id,"padang,id",75.94,84.0,1.88,84.0,"Padang, ID"
70.19319040080862,-144.41889399521415,fairbanks,us,"fairbanks,us",4.53,50.0,11.41,90.0,"Fairbanks, US"
73.38525230355651,-71.00418395403925,clyde river,ca,"clyde river,ca",17.6,67.0,12.75,1.0,"Clyde River, CA"
47.83022563597942,52.15448152128354,atyrau,kz,"atyrau,kz",24.8,92.0,6.71,75.0,"Atyrau, KZ"
0.27497350679404065,-15.664212501223147,monrovia,lr,"monrovia,lr",79.3,81.0,3.51,100.0,"Monrovia, LR"
-24.25066737929123,178.70716359358477,isangel,vu,"isangel,vu",86.0,45.0,16.11,40.0,"Isangel, VU"
25.25057893399594,-116.446153485887,guerrero negro,mx,"guerrero negro,mx",65.82,85.0,10.25,72.0,"Guerrero Negro, MX"
71.2189431912366,-4.272645173282598,klaksvik,fo,"klaksvik,fo",37.4,75.0,10.29,100.0,"Klaksvik, FO"
85.44254984281673,72.33461462657326,dikson,ru,"dikson,ru",-2.11,90.0,5.61,0.0,"Dikson, RU"
-6.632857895302806,37.85571338436526,morogoro,tz,"morogoro,tz",75.2,88.0,11.41,75.0,"Morogoro, TZ"
60.75811600104967,-126.58675350749783,fort nelson,ca,"fort nelson,ca",6.8,84.0,4.7,75.0,"Fort Nelson, CA"
-46.761485334300176,67.62576171773799,saint-philippe,re,"saint-philippe,re",68.52,83.0,2.24,90.0,"Saint-Philippe, RE"
86.93051745896696,167.4458318539352,pevek,ru,"pevek,ru",6.93,58.0,1.36,0.0,"Pevek, RU"
-62.43452747269761,25.587207699744,kruisfontein,za,"kruisfontein,za",61.93,90.0,5.91,98.0,"Kruisfontein, ZA"
47.43154948197753,-61.50458256367071,cap-aux-meules,ca,"cap-aux-meules,ca",39.2,64.0,19.46,75.0,"Cap-aux-Meules, CA"
52.234664366603965,103.06073458821635,mishelevka,ru,"mishelevka,ru",0.54,82.0,14.5,100.0,"Mishelevka, RU"
21.97822384975605,66.94411992363081,dwarka,in,"dwarka,in",64.4,77.0,6.93,40.0,"Dwarka, IN"
-1.7254329889488105,-6.770415800138153,harper,lr,"harper,lr",73.99,94.0,1.83,83.0,"Harper, LR"
-40.0189243506452,-62.20068280419464,viedma,ar,"viedma,ar",64.11,41.0,9.57,67.0,"Viedma, AR"
32.10087406014523,81.59804896416114,dharchula,in,"dharchula,in",52.03,27.0,2.21,100.0,"Dharchula, IN"
10.444251044240005,108.67443382887774,phan thiet,vn,"phan thiet,vn",82.58,67.0,3.06,96.0,"Phan Thiet, VN"
-14.260492718905567,101.38206431161024,palabuhanratu,id,"palabuhanratu,id",,,,,
2.1940333024156473,-152.69750215126052,hilo,us,"hilo,us",75.65,62.0,5.82,75.0,"Hilo, US"
84.80907696134898,49.53489313291752,belushya guba,ru,"belushya guba,ru",,,,,
25.373008199449075,97.52977519371564,myitkyina,mm,"myitkyina,mm",78.62,50.0,0.76,2.0,"Myitkyina, MM"
-87.17785016366506,100.49397643646824,albany,au,"albany,au",73.4,60.0,16.11,0.0,"Albany, AU"
-70.65385539682407,-44.78588496301563,ushuaia,ar,"ushuaia,ar",42.8,93.0,8.05,20.0,"Ushuaia, AR"
-74.88813947107057,140.0652217705719,hobart,au,"hobart,au",57.49,35.0,24.16,75.0,"Hobart, AU"
61.996008650126385,27.259859460006197,mikkeli,fi,"mikkeli,fi",28.99,96.0,1.99,0.0,"Mikkeli, FI"
1.916465783367343,64.64943095598073,kudahuvadhoo,mv,"kudahuvadhoo,mv",76.59,93.0,5.44,100.0,"Kudahuvadhoo, MV"
87.7722551017772,-28.73453290569995,illoqqortoormiut,gl,"illoqqortoormiut,gl",,,,,
-79.0500012378379,-109.4277843024442,punta arenas,cl,"punta arenas,cl",46.17,70.0,16.11,40.0,"Punta Arenas, CL"
-48.69487384045194,80.16261439857936,mahebourg,mu,"mahebourg,mu",75.2,73.0,14.99,75.0,"Mahebourg, MU"
-14.225502841328364,-93.78478080343855,puerto ayora,ec,"puerto ayora,ec",71.01,87.0,4.0,9.0,"Puerto Ayora, EC"
8.335224795727214,57.95889432570726,bandarbeyla,so,"bandarbeyla,so",79.39,80.0,19.1,0.0,"Bandarbeyla, SO"
29.18939471267504,143.50220114376896,katsuura,jp,"katsuura,jp",62.96,48.0,5.82,20.0,"Katsuura, JP"
-29.13897646032806,-44.82791266914688,imbituba,br,"imbituba,br",68.0,68.0,10.29,0.0,"Imbituba, BR"
-13.186948838900776,-58.24514408911824,nova olimpia,br,"nova olimpia,br",72.23,97.0,2.71,69.0,"Nova Olimpia, BR"
30.784806482650282,10.157090742858372,nalut,ly,"nalut,ly",63.03,23.0,16.17,100.0,"Nalut, LY"
-6.011151500441187,37.90777683485027,chanika,tz,"chanika,tz",68.59,95.0,1.39,100.0,"Chanika, TZ"
1.534648864096667,16.723988983366496,ouesso,cg,"ouesso,cg",70.5,98.0,1.66,98.0,"Ouesso, CG"
15.740438667410459,-96.75029226670317,pochutla,mx,"pochutla,mx",80.37,74.0,8.08,75.0,"Pochutla, MX"
-31.481924084210718,-155.4243573468398,avera,pf,"avera,pf",,,,,
67.55921036553275,167.00656441061994,bilibino,ru,"bilibino,ru",-1.21,55.0,1.86,2.0,"Bilibino, RU"
8.759661723947204,-121.52945762545389,cabo san lucas,mx,"cabo san lucas,mx",75.07,69.0,2.1,5.0,"Cabo San Lucas, MX"
10.731212271782056,103.66525817656066,kampot,kh,"kampot,kh",85.08,55.0,5.82,20.0,"Kampot, KH"
44.09805050526998,-94.05560256344324,north mankato,us,"north mankato,us",35.35,93.0,12.75,1.0,"North Mankato, US"
-14.772025142454908,145.32243098734642,cairns,au,"cairns,au",89.98,52.0,14.99,31.0,"Cairns, AU"
-5.179419728508847,-46.07843881425865,grajau,br,"grajau,br",,,,,
74.7838969586129,-150.34630377974045,barrow,us,"barrow,us",32.16,80.0,2.37,1.0,"Barrow, US"
-73.71489270663548,-158.67050261516388,mataura,pf,"mataura,pf",,,,,
-0.5727472026318026,139.55533723232804,vanimo,pg,"vanimo,pg",84.88,69.0,9.98,73.0,"Vanimo, PG"
-62.73373778001407,-36.67582995893429,mar del plata,ar,"mar del plata,ar",58.75,30.0,23.15,92.0,"Mar del Plata, AR"
23.851671526308238,128.03312752708092,itoman,jp,"itoman,jp",76.57,57.0,16.11,40.0,"Itoman, JP"
65.85450069650807,75.26217737202992,pangody,ru,"pangody,ru",1.63,95.0,20.62,100.0,"Pangody, RU"
13.975256653996595,146.31535567769998,airai,pw,"airai,pw",,,,,
-43.39615214846335,135.15017750192584,mount gambier,au,"mount gambier,au",55.4,58.0,12.75,90.0,"Mount Gambier, AU"
-73.71414959002725,31.359305205565818,port elizabeth,za,"port elizabeth,za",60.8,100.0,5.82,40.0,"Port Elizabeth, ZA"
-3.323049013149088,152.55178458399848,namatanai,pg,"namatanai,pg",85.01,68.0,3.8,1.0,"Namatanai, PG"
-41.098112145621506,148.99889780750567,launceston,au,"launceston,au",59.2,37.0,20.8,40.0,"Launceston, AU"
-20.746352508311062,140.1298948791058,mount isa,au,"mount isa,au",95.0,8.0,8.05,85.0,"Mount Isa, AU"
-48.43244962486688,158.697854780218,tuatapere,nz,"tuatapere,nz",50.0,93.0,7.0,48.0,"Tuatapere, NZ"
-48.855381374576794,-86.63117227456088,castro,cl,"castro,cl",51.8,93.0,8.05,20.0,"Castro, CL"
69.9668098102592,84.8045044095108,dudinka,ru,"dudinka,ru",-9.4,76.0,6.71,15.0,"Dudinka, RU"
-28.81346327939572,120.57931902823634,northam,au,"northam,au",87.8,27.0,9.17,21.0,"Northam, AU"
22.38315067758124,138.82737611213088,naze,jp,"naze,jp",74.34,56.0,11.41,20.0,"Naze, JP"
-7.829932786936482,-78.71639707553727,otuzco,pe,"otuzco,pe",64.4,88.0,6.93,90.0,"Otuzco, PE"
30.229016260843693,-56.9879501548117,saint george,bm,"saint george,bm",68.22,94.0,4.7,75.0,"Saint George, BM"
73.85516405520727,-33.4204800836055,tasiilaq,gl,"tasiilaq,gl",30.2,63.0,11.41,100.0,"Tasiilaq, GL"
-28.62042883376043,-51.0493081260538,vacaria,br,"vacaria,br",57.0,99.0,4.16,0.0,"Vacaria, BR"
78.18940638860713,17.758223607458746,longyearbyen,sj,"longyearbyen,sj",33.8,74.0,19.46,90.0,"Longyearbyen, SJ"
38.603341611410684,-143.9200623970009,fortuna,us,"fortuna,us",55.47,93.0,6.93,90.0,"Fortuna, US"
-4.493965714648468,3.1284992434419223,omboue,ga,"omboue,ga",72.91,94.0,2.71,100.0,"Omboue, GA"
-39.504981513246626,133.61889467337625,port lincoln,au,"port lincoln,au",60.91,51.0,11.18,0.0,"Port Lincoln, AU"
-49.734833397295574,-29.6724193151191,cidreira,br,"cidreira,br",68.14,77.0,14.63,33.0,"Cidreira, BR"
8.586445506672746,-29.36921266573674,sao filipe,cv,"sao filipe,cv",72.34,76.0,8.5,98.0,"Sao Filipe, CV"
80.0901667932284,106.68648047685929,khatanga,ru,"khatanga,ru",-12.08,95.0,3.62,83.0,"Khatanga, RU"
-46.205407727258375,49.260980464049595,tsihombe,mg,"tsihombe,mg",,,,,
72.49605841077107,124.60670744005336,tiksi,ru,"tiksi,ru",-6.74,99.0,2.75,32.0,"Tiksi, RU"
66.83959791704143,-133.03357749012446,inuvik,ca,"inuvik,ca",-16.6,75.0,5.37,20.0,"Inuvik, CA"
42.31174223869692,-177.53332030669208,provideniya,ru,"provideniya,ru",21.36,93.0,18.34,100.0,"Provideniya, RU"
50.87341407322418,111.26962441761128,khilok,ru,"khilok,ru",9.79,52.0,3.42,5.0,"Khilok, RU"
53.909442236270365,-85.82960070991834,attawapiskat,ca,"attawapiskat,ca",,,,,
60.78606945151313,-16.636730488023915,hofn,is,"hofn,is",43.66,61.0,22.12,92.0,"Hofn, IS"
38.832864240252434,139.06770196428852,murakami,jp,"murakami,jp",52.68,87.0,5.82,75.0,"Murakami, JP"
51.988984912412235,63.24008086893767,lisakovsk,kz,"lisakovsk,kz",19.04,86.0,6.11,48.0,"Lisakovsk, KZ"
4.004390475609199,104.16675581841065,cukai,my,"cukai,my",79.83,79.0,4.7,20.0,"Cukai, MY"
46.22617176995686,-116.9380350957275,lewiston,us,"lewiston,us",43.47,93.0,1.59,90.0,"Lewiston, US"
-25.88319743737479,51.383528734565346,taolanaro,mg,"taolanaro,mg",,,,,
67.7135607556448,-123.10305498050548,norman wells,ca,"norman wells,ca",-4.0,76.0,17.22,90.0,"Norman Wells, CA"
65.17154363771863,-51.97607722538757,maniitsoq,gl,"maniitsoq,gl",30.85,66.0,16.75,100.0,"Maniitsoq, GL"
33.00392081802873,127.11776632844277,fukue,jp,"fukue,jp",62.04,51.0,5.82,20.0,"Fukue, JP"
43.67022026500291,-39.445202275625746,ribeira grande,pt,"ribeira grande,pt",58.03,66.0,1.92,51.0,"Ribeira Grande, PT"
79.309117147651,-104.71620811341027,yellowknife,ca,"yellowknife,ca",11.66,85.0,6.93,90.0,"Yellowknife, CA"
38.867674673541416,63.44171048703552,turkmenabat,tm,"turkmenabat,tm",35.6,51.0,11.41,100.0,"Turkmenabat, TM"
-10.641438183323388,-132.07033000521756,atuona,pf,"atuona,pf",79.99,74.0,14.79,44.0,"Atuona, PF"
52.42225307309727,-63.03592368133219,havre-saint-pierre,ca,"havre-saint-pierre,ca",30.2,92.0,17.22,90.0,"Havre-Saint-Pierre, CA"
33.43913300543832,-70.9668784415852,elizabeth city,us,"elizabeth city,us",45.81,93.0,13.87,90.0,"Elizabeth City, US"
2.253809730201297,37.43053462616757,marsabit,ke,"marsabit,ke",75.07,66.0,12.1,1.0,"Marsabit, KE"
13.902946127757644,48.716960248515306,bosaso,so,"bosaso,so",79.38,76.0,15.95,0.0,"Bosaso, SO"
21.400457339455713,-94.0142783095813,vega de alatorre,mx,"vega de alatorre,mx",67.44,71.0,23.04,96.0,"Vega de Alatorre, MX"
-36.41225592351336,129.3461760457517,flinders,au,"flinders,au",67.42,55.0,13.87,75.0,"Flinders, AU"
-18.224272620256215,-50.89035778371638,cacu,br,"cacu,br",70.59,92.0,4.21,100.0,"Cacu, BR"
75.21345995977944,173.96165419042802,komsomolskiy,ru,"komsomolskiy,ru",19.15,97.0,11.34,100.0,"Komsomolskiy, RU"
30.084322175397787,-20.976464619066917,los llanos de aridane,es,"los llanos de aridane,es",66.2,68.0,16.11,75.0,"Los Llanos de Aridane, ES"
34.43888839607014,151.09647187313033,hasaki,jp,"hasaki,jp",63.09,45.0,5.82,20.0,"Hasaki, JP"
54.429278422135695,-13.347449822768908,dingle,ie,"dingle,ie",47.35,59.0,10.25,84.0,"Dingle, IE"
46.02224532606559,-3.582856825564079,ploemeur,fr,"ploemeur,fr",45.21,87.0,9.17,100.0,"Ploemeur, FR"
-9.623395038803608,3.988291209250548,soyo,ao,"soyo,ao",76.86,91.0,3.09,100.0,"Soyo, AO"
3.3550319616490043,173.8771398731027,butaritari,ki,"butaritari,ki",82.53,72.0,3.11,100.0,"Butaritari, KI"
53.705584555159504,95.10320339804952,aginskoye,ru,"aginskoye,ru",10.33,42.0,4.07,0.0,"Aginskoye, RU"
22.662401450401077,65.87225098343168,keti bandar,pk,"keti bandar,pk",71.42,65.0,18.95,0.0,"Keti Bandar, PK"
-38.359733405418076,-78.66975622426423,lebu,cl,"lebu,cl",55.24,97.0,0.27,92.0,"Lebu, CL"
36.697227718627715,-80.0357220326883,martinsville,us,"martinsville,us",40.78,69.0,6.31,1.0,"Martinsville, US"
-16.179117807798647,-57.056942113830516,pocone,br,"pocone,br",74.55,84.0,2.82,50.0,"Pocone, BR"
-4.520187644961084,-46.56907317844443,amarante do maranhao,br,"amarante do maranhao,br",76.21,76.0,3.62,13.0,"Amarante do Maranhao, BR"
-42.38681377676632,-98.08502814688228,ancud,cl,"ancud,cl",51.8,93.0,8.05,20.0,"Ancud, CL"
12.534184150067887,37.316790155207485,gondar,et,"gondar,et",,,,,
20.74911309497722,-57.12847881262866,codrington,ag,"codrington,ag",,,,,
84.84962795916587,158.35096722142254,cherskiy,ru,"cherskiy,ru",5.34,90.0,2.26,100.0,"Cherskiy, RU"
43.59897499077957,122.85824480593618,tongliao,cn,"tongliao,cn",23.23,25.0,4.0,94.0,"Tongliao, CN"
8.221335976191114,51.04133288926528,eyl,so,"eyl,so",78.8,80.0,22.01,0.0,"Eyl, SO"
-8.353053990943167,137.82327687308515,merauke,id,"merauke,id",86.23,70.0,8.84,60.0,"Merauke, ID"
56.649462002400696,93.78963910254294,devyatka,ru,"devyatka,ru",,,,,
78.46896456295968,133.86837967620767,nizhneyansk,ru,"nizhneyansk,ru",,,,,
-13.657958073384506,154.13246384279643,samarai,pg,"samarai,pg",79.95,82.0,9.35,70.0,"Samarai, PG"
49.08305260741446,-117.50081762761127,fruitvale,ca,"fruitvale,ca",31.93,98.0,2.44,100.0,"Fruitvale, CA"
47.90791428882679,140.81919814955404,sovetskaya gavan,ru,"sovetskaya gavan,ru",13.39,59.0,16.04,100.0,"Sovetskaya Gavan, RU"
53.966627159556054,11.2484723413869,grevesmuhlen,de,"grevesmuhlen,de",45.16,95.0,5.01,100.0,"Grevesmuhlen, DE"
39.00283656089783,31.681787749894198,emirdag,tr,"emirdag,tr",44.64,91.0,2.17,100.0,"Emirdag, TR"
64.5030876497975,-157.86602925976769,bethel,us,"bethel,us",14.09,78.0,23.04,1.0,"Bethel, US"
-33.43537993958135,150.57092831459494,lithgow,au,"lithgow,au",76.8,41.0,8.05,67.0,"Lithgow, AU"
82.25027769134778,-44.80551122175686,ilulissat,gl,"ilulissat,gl",28.4,68.0,12.75,96.0,"Ilulissat, GL"
42.976223095545635,79.94403844649503,zharkent,kz,"zharkent,kz",32.67,59.0,6.91,100.0,"Zharkent, KZ"
-19.088045930512664,-38.865152983206116,conceicao da barra,br,"conceicao da barra,br",75.94,90.0,19.57,100.0,"Conceicao da Barra, BR"
-9.535784148051164,132.15307485430014,nguiu,au,"nguiu,au",,,,,
8.918098845542744,71.57776767259375,kavaratti,in,"kavaratti,in",82.22,76.0,10.47,100.0,"Kavaratti, IN"
72.29684346197357,120.51721990531064,zhigansk,ru,"zhigansk,ru",-5.1,94.0,17.29,99.0,"Zhigansk, RU"
49.730595542080806,-126.73573580927089,port hardy,ca,"port hardy,ca",48.2,93.0,5.82,75.0,"Port Hardy, CA"
-38.491779904816035,-38.30352014836643,laguna,br,"laguna,br",,,,,
-71.36911312117017,178.60199980697666,kaitangata,nz,"kaitangata,nz",53.01,82.0,10.0,43.0,"Kaitangata, NZ"
54.92481593369533,-76.165372650134,chapais,ca,"chapais,ca",1.4,77.0,11.41,90.0,"Chapais, CA"
3.9948180074882345,20.87267140659094,gbadolite,cd,"gbadolite,cd",71.38,92.0,1.7,100.0,"Gbadolite, CD"
61.59451177295222,-62.35192794348558,pangnirtung,ca,"pangnirtung,ca",10.58,70.0,7.14,10.0,"Pangnirtung, CA"
-31.286283687585325,-23.828088813263037,sao joao da barra,br,"sao joao da barra,br",71.55,85.0,11.59,100.0,"Sao Joao da Barra, BR"
48.27890464293023,146.52578939129472,vostok,ru,"vostok,ru",4.26,69.0,17.63,100.0,"Vostok, RU"
11.581679930745196,152.8215090541716,kavieng,pg,"kavieng,pg",84.99,68.0,5.55,56.0,"Kavieng, PG"
20.329482927098937,-127.15606086260928,san quintin,mx,"san quintin,mx",,,,,
-14.565887044421473,-40.063235248836975,iguai,br,"iguai,br",68.4,98.0,3.18,75.0,"Iguai, BR"
77.8707833746706,62.88486121852867,amderma,ru,"amderma,ru",,,,,
15.16200168411548,-107.94596534406111,san patricio,mx,"san patricio,mx",75.2,94.0,9.17,90.0,"San Patricio, MX"
63.8962088917024,147.71902325530317,shirokiy,ru,"shirokiy,ru",34.0,86.0,3.0,59.0,"Shirokiy, RU"
-18.914039523982936,-151.1696844441047,haapiti,pf,"haapiti,pf",86.0,62.0,5.82,40.0,"Haapiti, PF"
40.94383512217897,116.8129299631932,shunyi,cn,"shunyi,cn",46.74,57.0,2.24,75.0,"Shunyi, CN"
-32.340756229828614,38.504548260462,richards bay,za,"richards bay,za",70.05,79.0,22.86,3.0,"Richards Bay, ZA"
36.811232962044784,109.48020400247941,yanan,cn,"yanan,cn",,,,,
61.802493979972695,133.09688217454413,churapcha,ru,"churapcha,ru",-14.03,93.0,7.14,15.0,"Churapcha, RU"
-57.907115988333985,179.65540673107466,dunedin,nz,"dunedin,nz",50.99,89.0,17.38,37.0,"Dunedin, NZ"
-9.218204012802644,-73.26180939343833,porto walter,br,"porto walter,br",72.0,98.0,3.0,100.0,"Porto Walter, BR"
65.46404330805106,112.46895634244487,udachnyy,ru,"udachnyy,ru",-13.0,91.0,4.47,90.0,"Udachnyy, RU"
57.82617570298433,105.84781886760072,ust-kut,ru,"ust-kut,ru",-7.67,92.0,1.5,88.0,"Ust-Kut, RU"
44.18606611342514,9.854783599915692,la spezia,it,"la spezia,it",47.37,87.0,9.17,40.0,"La Spezia, IT"
42.47872720554014,149.18585783023212,sentyabrskiy,ru,"sentyabrskiy,ru",,,,,
0.3336191090275804,-70.78698990776023,mitu,co,"mitu,co",73.04,96.0,1.36,100.0,"Mitu, CO"
17.302444880916127,-16.74094408063371,nouakchott,mr,"nouakchott,mr",73.4,23.0,9.17,100.0,"Nouakchott, MR"
21.917882397687123,109.41487982676392,lianzhou,cn,"lianzhou,cn",75.13,45.0,5.35,0.0,"Lianzhou, CN"
18.228401375942994,42.46263277747977,abha,sa,"abha,sa",53.67,87.0,0.13,38.0,"Abha, SA"
75.33132509462354,-76.1652511079072,qaanaaq,gl,"qaanaaq,gl",5.85,77.0,14.99,100.0,"Qaanaaq, GL"
17.5543151592898,61.79173956462111,sur,om,"sur,om",70.14,40.0,3.0,0.0,"Sur, OM"
-69.0655550725188,-18.16070939674441,chuy,uy,"chuy,uy",57.16,90.0,1.86,0.0,"Chuy, UY"
-5.975160782772477,-63.157034321243174,tapaua,br,"tapaua,br",,,,,
36.68228661809255,51.76707679761938,nur,ir,"nur,ir",,,,,
-14.930355774600073,78.79221021141234,hithadhoo,mv,"hithadhoo,mv",82.83,73.0,15.48,98.0,"Hithadhoo, MV"
52.62316329454464,-118.97546150297316,jasper,ca,"jasper,ca",29.48,97.0,3.87,100.0,"Jasper, CA"
-0.15484512096092828,79.95129743560796,matara,lk,"matara,lk",82.35,72.0,7.0,0.0,"Matara, LK"
-21.81347411009068,151.82766492038502,yeppoon,au,"yeppoon,au",93.2,30.0,8.05,0.0,"Yeppoon, AU"
-10.515710140373912,113.81425102753224,muncar,id,"muncar,id",80.47,78.0,5.61,0.0,"Muncar, ID"
59.604345466982096,-40.60654222393745,nanortalik,gl,"nanortalik,gl",30.87,71.0,7.45,97.0,"Nanortalik, GL"
55.57395580919061,-105.00088562832958,la ronge,ca,"la ronge,ca",24.8,73.0,10.29,90.0,"La Ronge, CA"
70.83181918053364,41.47690525110792,ostrovnoy,ru,"ostrovnoy,ru",23.45,90.0,17.02,40.0,"Ostrovnoy, RU"
-25.491951502222705,-70.27771045623909,taltal,cl,"taltal,cl",55.24,91.0,4.23,59.0,"Taltal, CL"
-14.552777356759648,-164.37367410954997,satitoa,ws,"satitoa,ws",,,,,
11.786558381049446,-9.58593542912513,siguiri,gn,"siguiri,gn",77.47,46.0,0.25,100.0,"Siguiri, GN"
25.176897900126193,84.36332610426541,bikramganj,in,"bikramganj,in",71.2,51.0,5.88,0.0,"Bikramganj, IN"
-29.340976347331967,8.070226692976888,luderitz,na,"luderitz,na",62.6,82.0,13.87,83.0,"Luderitz, NA"
-9.671169044691908,-59.59084706573141,aripuana,br,"aripuana,br",72.25,91.0,0.65,47.0,"Aripuana, BR"
-13.799521166424256,110.071218483785,bambanglipuro,id,"bambanglipuro,id",86.52,53.0,11.43,13.0,"Bambanglipuro, ID"
38.18309096934212,165.0279220132512,severo-kurilsk,ru,"severo-kurilsk,ru",24.62,63.0,21.23,80.0,"Severo-Kurilsk, RU"
-12.989878391083153,-51.294280536256764,sao miguel do araguaia,br,"sao miguel do araguaia,br",76.59,78.0,4.94,72.0,"Sao Miguel do Araguaia, BR"
73.2164748282367,94.6367226704761,talnakh,ru,"talnakh,ru",-9.4,76.0,6.71,0.0,"Talnakh, RU"
-43.3051337411256,144.2816679540286,burnie,au,"burnie,au",56.03,60.0,15.99,78.0,"Burnie, AU"
-12.614706048730326,166.61342791492154,sola,vu,"sola,vu",81.72,79.0,20.33,100.0,"Sola, VU"
10.426451501999964,61.46688484830216,salalah,om,"salalah,om",75.2,69.0,4.7,20.0,"Salalah, OM"
71.61087017523457,-167.03563304595912,lavrentiya,ru,"lavrentiya,ru",25.74,76.0,24.54,52.0,"Lavrentiya, RU"
-42.30191650846395,23.386832308623866,plettenberg bay,za,"plettenberg bay,za",64.45,83.0,4.61,80.0,"Plettenberg Bay, ZA"
35.91693931665215,121.35860642603535,qingdao,cn,"qingdao,cn",62.6,63.0,2.24,28.0,"Qingdao, CN"
62.83991070309543,78.27426076836258,novoagansk,ru,"novoagansk,ru",1.11,95.0,16.69,100.0,"Novoagansk, RU"
-38.21678857687518,-66.0997999580445,general roca,ar,"general roca,ar",69.8,37.0,6.93,93.0,"General Roca, AR"
-9.53190413949045,-57.0919049793425,alta floresta,br,"alta floresta,br",71.38,92.0,0.58,7.0,"Alta Floresta, BR"
30.359570615794922,19.026834338888307,ajdabiya,ly,"ajdabiya,ly",59.63,44.0,9.95,33.0,"Ajdabiya, LY"
-28.363750029241373,128.1160699131824,yulara,au,"yulara,au",91.4,7.0,11.41,0.0,"Yulara, AU"
19.793578616737832,107.8555297587352,cam pha,vn,"cam pha,vn",,,,,
-6.083191577890048,-53.86625361837879,sao felix do xingu,br,"sao felix do xingu,br",72.21,94.0,0.72,17.0,"Sao Felix do Xingu, BR"
17.041912396166083,-32.25500340721314,ponta do sol,cv,"ponta do sol,cv",75.2,64.0,13.87,40.0,"Ponta do Sol, CV"
26.842838993757496,-131.89277319770073,lompoc,us,"lompoc,us",59.25,82.0,6.93,1.0,"Lompoc, US"
16.29122462061312,73.7050113763035,kankavli,in,"kankavli,in",,,,,
73.23865392507983,-173.04978107852463,mys shmidta,ru,"mys shmidta,ru",,,,,
-10.106443057204928,99.8361155437255,bengkulu,id,"bengkulu,id",,,,,
22.72667070976229,-61.22695155861501,the valley,ai,"the valley,ai",80.89,78.0,4.7,20.0,"The Valley, AI"
31.983714257021276,97.5950506337631,tezu,in,"tezu,in",75.47,53.0,1.99,0.0,"Tezu, IN"
2.009483640445765,-34.0213727113362,aquiraz,br,"aquiraz,br",80.24,74.0,11.41,75.0,"Aquiraz, BR"
-18.76993034747032,-30.467593987204367,caravelas,br,"caravelas,br",73.26,94.0,4.03,100.0,"Caravelas, BR"
-12.729150585706137,31.940076420584717,mpika,zm,"mpika,zm",63.7,84.0,5.37,97.0,"Mpika, ZM"
36.29757603766197,-71.72998731907666,brigantine,us,"brigantine,us",41.09,60.0,3.36,1.0,"Brigantine, US"
62.65079687521123,0.19612070969603224,brae,gb,"brae,gb",41.23,93.0,1.12,2.0,"Brae, GB"
61.38091835594827,-23.90555860854164,grindavik,is,"grindavik,is",32.86,86.0,1.12,75.0,"Grindavik, IS"
14.418994475583446,22.728064620609842,adre,td,"adre,td",71.49,33.0,14.09,18.0,"Adre, TD"
30.047263497586584,15.002288854764856,hun,ly,"hun,ly",60.94,27.0,9.1,47.0,"Hun, LY"
52.05095362862744,17.724508285874265,pleszew,pl,"pleszew,pl",52.0,88.0,4.0,39.0,"Pleszew, PL"
64.27580453308579,21.382023100596854,skelleftea,se,"skelleftea,se",13.84,85.0,3.36,95.0,"Skelleftea, SE"
55.67720267814644,34.42259260572962,novodugino,ru,"novodugino,ru",34.3,88.0,10.65,100.0,"Novodugino, RU"
40.96237238011125,46.3994592026846,qarayeri,az,"qarayeri,az",44.6,75.0,4.7,75.0,"Qarayeri, AZ"
49.851027539057526,139.18069886054212,vysokogornyy,ru,"vysokogornyy,ru",-2.67,87.0,12.5,100.0,"Vysokogornyy, RU"
4.740524193681864,149.22879377797085,lorengau,pg,"lorengau,pg",84.85,68.0,1.86,0.0,"Lorengau, PG"
65.78826281477748,-8.37628686835231,vestmanna,fo,"vestmanna,fo",37.4,75.0,10.29,100.0,"Vestmanna, FO"
53.658381887105264,58.37427133808589,lomovka,ru,"lomovka,ru",37.4,34.0,11.18,40.0,"Lomovka, RU"
56.1060423024839,66.97473856501375,mokrousovo,ru,"mokrousovo,ru",20.28,88.0,15.01,100.0,"Mokrousovo, RU"
-12.21995943386375,-15.202794041210865,georgetown,sh,"georgetown,sh",74.39,82.0,15.55,100.0,"Georgetown, SH"
4.964626805194371,35.69643648143227,jinka,et,"jinka,et",64.51,80.0,4.81,32.0,"Jinka, ET"
2.6048951923307015,-39.29628291472042,itarema,br,"itarema,br",75.45,85.0,5.55,0.0,"Itarema, BR"
65.14610407152043,149.51502674278254,zyryanka,ru,"zyryanka,ru",-2.69,96.0,9.86,100.0,"Zyryanka, RU"
53.60619807454012,76.81557672708232,kachiry,kz,"kachiry,kz",5.83,86.0,7.94,1.0,"Kachiry, KZ"
-14.20033165163558,-58.79106701871879,pontes e lacerda,br,"pontes e lacerda,br",71.6,97.0,1.36,88.0,"Pontes e Lacerda, BR"
13.934464898172834,-13.616152015197116,tambacounda,sn,"tambacounda,sn",78.8,65.0,4.7,95.0,"Tambacounda, SN"
52.62355139872423,-153.85137093837886,kodiak,us,"kodiak,us",40.96,48.0,9.17,1.0,"Kodiak, US"
23.74405231209535,143.34107557302082,tateyama,jp,"tateyama,jp",51.26,87.0,3.36,75.0,"Tateyama, JP"
-15.413412642929515,29.14197458602547,chongwe,zm,"chongwe,zm",67.93,84.0,5.75,100.0,"Chongwe, ZM"
63.27069386795202,8.696758319518835,kyrksaeterora,no,"kyrksaeterora,no",29.61,53.0,12.75,100.0,"Kyrksaeterora, NO"
5.335667832082393,25.841830742030595,obo,cf,"obo,cf",68.59,85.0,1.05,45.0,"Obo, CF"
-1.459722930483764,157.4606909822166,kieta,pg,"kieta,pg",84.34,69.0,5.03,63.0,"Kieta, PG"
-3.799299183100942,-37.06130263136808,aracati,br,"aracati,br",76.03,83.0,7.83,47.0,"Aracati, BR"
51.758291889635984,157.82388331208165,ozernovskiy,ru,"ozernovskiy,ru",28.98,68.0,19.15,100.0,"Ozernovskiy, RU"
42.8928218958107,70.32368635487384,karatau,kz,"karatau,kz",25.23,78.0,2.06,12.0,"Karatau, KZ"
62.62496908872387,161.90563674032109,evensk,ru,"evensk,ru",17.28,66.0,12.64,5.0,"Evensk, RU"
62.37286189965977,-153.94290740252276,kenai,us,"kenai,us",36.43,74.0,16.11,90.0,"Kenai, US"
53.01718004775344,5.919382356809535,heerenveen,nl,"heerenveen,nl",38.12,93.0,4.7,90.0,"Heerenveen, NL"
23.025837498368062,-96.07942476480679,nuevo progreso,mx,"nuevo progreso,mx",65.25,84.0,15.03,100.0,"Nuevo Progreso, MX"
20.025158510346245,123.12251845039134,basco,ph,"basco,ph",77.04,77.0,22.15,99.0,"Basco, PH"
-19.480189670888336,156.5178191947897,bundaberg,au,"bundaberg,au",88.14,46.0,13.87,5.0,"Bundaberg, AU"
-18.788508215891753,41.220789258934616,angoche,mz,"angoche,mz",78.06,74.0,3.38,57.0,"Angoche, MZ"
86.00209377163767,112.93444414444122,saskylakh,ru,"saskylakh,ru",-12.6,96.0,6.44,95.0,"Saskylakh, RU"
67.3621126957132,108.77899919978302,aykhal,ru,"aykhal,ru",-13.0,91.0,4.47,90.0,"Aykhal, RU"
-24.19718387225545,36.95417568530928,inhambane,mz,"inhambane,mz",71.4,81.0,16.22,1.0,"Inhambane, MZ"
-14.93396733983684,7.390839289741194,namibe,ao,"namibe,ao",71.74,75.0,14.7,83.0,"Namibe, AO"
18.400219377167005,3.2473145410050392,kidal,ml,"kidal,ml",61.05,16.0,1.61,0.0,"Kidal, ML"
1.996349299315895,52.8379936554432,hobyo,so,"hobyo,so",77.13,80.0,13.47,31.0,"Hobyo, SO"
56.67414261173505,-114.34181004328028,slave lake,ca,"slave lake,ca",30.2,100.0,13.09,90.0,"Slave Lake, CA"
59.10589870591076,108.97037870082477,alekseyevsk,ru,"alekseyevsk,ru",-13.41,91.0,0.83,74.0,"Alekseyevsk, RU"
21.523079241989805,-99.75113965689235,san ciro de acosta,mx,"san ciro de acosta,mx",51.37,76.0,3.31,100.0,"San Ciro de Acosta, MX"
12.831580203343435,-4.329153323992955,toma,bf,"toma,bf",76.21,22.0,2.68,24.0,"Toma, BF"
13.197436432069566,17.124472620740562,moussoro,td,"moussoro,td",81.21,16.0,11.1,66.0,"Moussoro, TD"
54.75401258683817,106.9484871149051,kachug,ru,"kachug,ru",0.5,69.0,7.43,100.0,"Kachug, RU"
-16.51093039596452,44.56349185713103,mahajanga,mg,"mahajanga,mg",77.0,94.0,3.36,20.0,"Mahajanga, MG"
61.598260762612995,-148.09985538237504,palmer,us,"palmer,us",33.44,51.0,12.75,90.0,"Palmer, US"
-43.49216904788081,-24.174265427169388,arraial do cabo,br,"arraial do cabo,br",72.05,88.0,18.07,100.0,"Arraial do Cabo, BR"
-3.6771506884467158,-175.819222041238,vaitupu,wf,"vaitupu,wf",,,,,
-12.59564415071641,-41.56519187417604,seabra,br,"seabra,br",65.79,55.0,3.96,92.0,"Seabra, BR"
53.292109963823805,-123.46675627087139,vanderhoof,ca,"vanderhoof,ca",35.78,90.0,4.0,77.0,"Vanderhoof, CA"
74.81216394498489,-65.025164940639,narsaq,gl,"narsaq,gl",24.8,41.0,10.29,84.0,"Narsaq, GL"
78.48470813823553,-59.193824481538144,upernavik,gl,"upernavik,gl",25.59,94.0,15.95,100.0,"Upernavik, GL"
63.342844319233194,56.97444478502851,vuktyl,ru,"vuktyl,ru",31.98,95.0,14.65,99.0,"Vuktyl, RU"
65.09797662441122,97.93188117508373,tura,ru,"tura,ru",-27.49,98.0,0.67,64.0,"Tura, RU"
-2.2658037300260787,45.3057998161695,kismayo,so,"kismayo,so",,,,,
66.26478987137475,143.00835084312325,khonuu,ru,"khonuu,ru",,,,,
-27.62154591280074,-85.31246175232964,coquimbo,cl,"coquimbo,cl",57.2,87.0,5.82,75.0,"Coquimbo, CL"
-37.736481793528206,-53.94584258313695,maldonado,uy,"maldonado,uy",59.0,93.0,4.7,30.0,"Maldonado, UY"
25.575863008061248,115.95018902299614,ganzhou,cn,"ganzhou,cn",77.07,34.0,4.14,0.0,"Ganzhou, CN"
22.466247839027844,77.45514322253865,seoni malwa,in,"seoni malwa,in",69.71,57.0,4.23,0.0,"Seoni Malwa, IN"
59.229915867568764,120.09885438645654,khani,ru,"khani,ru",,,,,
40.34162664503023,115.48923110568558,xuanhua,cn,"xuanhua,cn",37.74,53.0,5.19,74.0,"Xuanhua, CN"
6.954963140501107,86.43248129322711,kalmunai,lk,"kalmunai,lk",82.62,74.0,4.92,58.0,"Kalmunai, LK"
-33.022129707250926,160.90201102603305,port macquarie,au,"port macquarie,au",76.17,49.0,19.46,82.0,"Port Macquarie, AU"
66.84747160915342,-56.83955926392092,sisimiut,gl,"sisimiut,gl",21.02,93.0,8.01,100.0,"Sisimiut, GL"
36.33926191879658,-10.568729334735252,aljezur,pt,"aljezur,pt",48.61,67.0,3.0,10.0,"Aljezur, PT"
71.26641483297169,10.41490882939118,sorland,no,"sorland,no",44.28,73.0,13.44,42.0,"Sorland, NO"
52.74042763491636,-66.87685757229448,sept-iles,ca,"sept-iles,ca",23.36,73.0,16.11,75.0,"Sept-Iles, CA"
4.794429264174141,7.220196837707618,okrika,ng,"okrika,ng",74.46,97.0,2.1,100.0,"Okrika, NG"
-3.874342044182214,127.21619047603343,ambon,id,"ambon,id",89.6,62.0,6.93,20.0,"Ambon, ID"
8.024996922749821,-81.87994147763672,remedios,pa,"remedios,pa",77.0,94.0,2.24,40.0,"Remedios, PA"
-11.543009400373037,65.77058902739964,grand gaube,mu,"grand gaube,mu",75.2,73.0,14.99,75.0,"Grand Gaube, MU"
-9.802805484831822,26.64622039050238,bukama,cd,"bukama,cd",71.26,94.0,3.11,100.0,"Bukama, CD"
8.436282417287543,129.37467281299826,kinablangan,ph,"kinablangan,ph",84.99,58.0,5.59,92.0,"Kinablangan, PH"
48.77040096894771,11.255357624742771,gaimersheim,de,"gaimersheim,de",39.33,93.0,4.7,75.0,"Gaimersheim, DE"
23.34679854466414,-43.32646004389767,bathsheba,bb,"bathsheba,bb",78.8,83.0,6.93,20.0,"Bathsheba, BB"
42.801336914149175,-60.88533475506473,port hawkesbury,ca,"port hawkesbury,ca",43.29,87.0,14.99,75.0,"Port Hawkesbury, CA"
30.81803846479761,47.14325451858218,khorramshahr,ir,"khorramshahr,ir",61.79,82.0,2.24,1.0,"Khorramshahr, IR"
-9.934770285709888,-32.76729111348723,sao jose da coroa grande,br,"sao jose da coroa grande,br",78.69,77.0,16.06,75.0,"Sao Jose da Coroa Grande, BR"
53.927585878722795,-89.35439897007822,sioux lookout,ca,"sioux lookout,ca",13.8,55.0,6.93,75.0,"Sioux Lookout, CA"
30.82377247763904,30.201895525141822,alexandria,eg,"alexandria,eg",66.92,77.0,11.41,40.0,"Alexandria, EG"
9.424355619985562,3.253984008465352,nikki,bj,"nikki,bj",73.87,43.0,2.37,20.0,"Nikki, BJ"
-2.205060320987357,-37.51789642073638,caucaia,br,"caucaia,br",80.28,74.0,11.41,75.0,"Caucaia, BR"
20.714611701853215,-85.4195022077657,isla mujeres,mx,"isla mujeres,mx",75.09,88.0,4.7,40.0,"Isla Mujeres, MX"
40.55733574048418,125.01846931499767,kuandian,cn,"kuandian,cn",38.66,38.0,7.09,0.0,"Kuandian, CN"
-13.90885379188721,28.925831148989204,kapiri mposhi,zm,"kapiri mposhi,zm",65.62,90.0,5.01,100.0,"Kapiri Mposhi, ZM"
-24.86716380349145,20.990713078790037,hukuntsi,bw,"hukuntsi,bw",68.16,14.0,5.06,33.0,"Hukuntsi, BW"
44.448051320482534,-120.83078261201744,redmond,us,"redmond,us",50.79,100.0,4.7,75.0,"Redmond, US"
13.097608715831228,77.370141691514,magadi,in,"magadi,in",73.99,94.0,9.17,75.0,"Magadi, IN"
-30.867926062606237,112.13913165722391,geraldton,au,"geraldton,au",77.0,65.0,10.29,0.0,"Geraldton, AU"
46.52211212391464,-62.87019858973294,charlottetown,ca,"charlottetown,ca",38.62,55.0,10.29,90.0,"Charlottetown, CA"
14.506775679711993,122.23402005370593,jomalig,ph,"jomalig,ph",,,,,
35.12543848144327,60.50839174741566,torbat-e jam,ir,"torbat-e jam,ir",35.11,77.0,9.95,0.0,"Torbat-e Jam, IR"
3.1876994780680974,102.59916480082512,temerloh,my,"temerloh,my",85.48,64.0,3.24,28.0,"Temerloh, MY"
-8.556365640463042,47.30192039509143,domoni,km,"domoni,km",81.1,82.0,16.2,94.0,"Domoni, KM"
45.74131017309591,76.6119237126311,ushtobe,kz,"ushtobe,kz",17.53,54.0,6.96,0.0,"Ushtobe, KZ"
5.681226960207994,-66.39286555617083,puerto carreno,co,"puerto carreno,co",78.48,85.0,4.0,100.0,"Puerto Carreno, CO"
67.51180336683365,43.74775279869925,kamenka,ru,"kamenka,ru",32.0,79.0,10.0,9.0,"Kamenka, RU"
30.096702692346227,-130.28884927272128,pacific grove,us,"pacific grove,us",58.17,77.0,3.36,90.0,"Pacific Grove, US"
-27.494713469854098,28.330103326432862,frankfort,za,"frankfort,za",51.01,92.0,2.93,0.0,"Frankfort, ZA"
49.60248352755548,-84.19203648601525,hearst,ca,"hearst,ca",0.28,94.0,3.96,0.0,"Hearst, CA"
-12.293165515694412,-66.29643467662775,riberalta,bo,"riberalta,bo",72.73,99.0,2.21,100.0,"Riberalta, BO"
11.624565329599193,19.16492279172047,mongo,td,"mongo,td",76.21,24.0,3.67,6.0,"Mongo, TD"
64.55974407678718,-45.14061350534689,qaqortoq,gl,"qaqortoq,gl",24.8,41.0,10.29,86.0,"Qaqortoq, GL"
-18.392170043971973,18.86203902911089,rundu,na,"rundu,na",78.8,57.0,3.36,33.0,"Rundu, NA"
-3.4349947776581757,104.2448863346873,prabumulih,id,"prabumulih,id",91.94,51.0,2.68,85.0,"Prabumulih, ID"
31.260978198789388,54.41783629122418,mehriz,ir,"mehriz,ir",42.8,48.0,6.93,20.0,"Mehriz, IR"
47.24310858503421,73.38230829859023,saryshagan,kz,"saryshagan,kz",,,,,
0.7526057127243746,-158.02235901590123,faanui,pf,"faanui,pf",79.38,82.0,18.34,9.0,"Faanui, PF"
10.829860040784908,86.43567308529765,batticaloa,lk,"batticaloa,lk",82.02,76.0,0.49,0.0,"Batticaloa, LK"
-32.0546204484214,123.21023042138341,esperance,au,"esperance,au",77.0,41.0,13.87,0.0,"Esperance, AU"
18.18541896885769,133.85722664442284,nishihara,jp,"nishihara,jp",63.93,42.0,2.24,20.0,"Nishihara, JP"
56.975729100551376,144.24420095798683,okhotsk,ru,"okhotsk,ru",24.1,72.0,22.77,100.0,"Okhotsk, RU"
14.449409514723811,-97.30283372937298,puerto escondido,mx,"puerto escondido,mx",82.4,74.0,3.89,75.0,"Puerto Escondido, MX"
51.61276756364492,130.23903820118693,fevralsk,ru,"fevralsk,ru",,,,,
47.427239566866234,34.856318513512974,balky,ua,"balky,ua",46.99,97.0,11.05,50.0,"Balky, UA"
42.364267681566844,-106.66420360621355,casper,us,"casper,us",45.97,48.0,9.17,1.0,"Casper, US"
-6.567914958386439,14.388370359422908,matadi,cd,"matadi,cd",73.62,97.0,3.78,100.0,"Matadi, CD"
43.10027080321575,-114.65257540678965,jerome,us,"jerome,us",49.69,33.0,4.7,1.0,"Jerome, US"
53.356198645473455,91.29031956420272,belyy yar,ru,"belyy yar,ru",-9.4,76.0,6.08,20.0,"Belyy Yar, RU"
-36.615434711292245,-69.25566384289101,san rafael,ar,"san rafael,ar",75.74,23.0,6.13,2.0,"San Rafael, AR"
-18.407308135036587,37.23424221862365,quelimane,mz,"quelimane,mz",74.59,92.0,6.69,100.0,"Quelimane, MZ"
50.46008177959189,36.85505212441174,shebekino,ru,"shebekino,ru",32.81,87.0,13.42,75.0,"Shebekino, RU"
18.601201387591743,104.93565185997653,vinh,vn,"vinh,vn",77.16,78.0,2.26,11.0,"Vinh, VN"
19.250193137729298,-156.60762698090855,kihei,us,"kihei,us",80.87,66.0,10.29,40.0,"Kihei, US"
67.96315992013248,34.074181453115926,revda,ru,"revda,ru",18.79,87.0,4.34,0.0,"Revda, RU"
44.48742602714847,143.992767676477,abashiri,jp,"abashiri,jp",35.6,27.0,10.29,40.0,"Abashiri, JP"
-3.2213013184128414,40.75314470067167,malindi,ke,"malindi,ke",74.79,92.0,5.06,92.0,"Malindi, KE"
55.24926005646486,145.947671596325,okha,ru,"okha,ru",16.88,75.0,12.57,100.0,"Okha, RU"
32.23802497310774,-99.47689221920693,abilene,us,"abilene,us",46.22,48.0,3.36,1.0,"Abilene, US"
28.5051651351353,55.011692571798704,darab,ir,"darab,ir",52.56,39.0,4.0,35.0,"Darab, IR"
48.85578356572614,84.5967004683211,zyryanovsk,kz,"zyryanovsk,kz",-6.43,97.0,1.81,100.0,"Zyryanovsk, KZ"
10.497498688810197,44.57928636425672,berbera,so,"berbera,so",79.29,74.0,13.0,1.0,"Berbera, SO"
-17.957959566421152,-149.1756779093966,teahupoo,pf,"teahupoo,pf",86.0,62.0,5.82,40.0,"Teahupoo, PF"
53.516936362696896,-110.29000873770843,lloydminster,ca,"lloydminster,ca",28.4,100.0,3.36,90.0,"Lloydminster, CA"
-7.899803596464139,153.09347313876293,buin,pg,"buin,pg",,,,,
59.77610941034081,155.16436471334862,dukat,ru,"dukat,ru",-2.9,99.0,5.44,100.0,"Dukat, RU"
49.903981327924726,23.154143874841623,yavoriv,ua,"yavoriv,ua",44.26,100.0,8.95,90.0,"Yavoriv, UA"
19.814699142767466,70.47012860766199,kodinar,in,"kodinar,in",76.15,74.0,6.53,0.0,"Kodinar, IN"
52.696128019764956,95.7182617773023,toora-khem,ru,"toora-khem,ru",-10.82,70.0,10.45,64.0,"Toora-Khem, RU"
-21.72160833873174,158.25278676214475,poum,nc,"poum,nc",75.76,74.0,23.35,0.0,"Poum, NC"
-3.7655425655247683,173.85468580817627,ijaki,ki,"ijaki,ki",,,,,
1.0868963763486619,-15.713149965814239,robertsport,lr,"robertsport,lr",82.56,73.0,5.57,100.0,"Robertsport, LR"
24.084345359861857,47.589842858180276,riyadh,sa,"riyadh,sa",62.6,67.0,2.24,100.0,"Riyadh, SA"
-10.549895910675247,176.72953459227568,asau,tv,"asau,tv",,,,,
-16.718172426842997,171.43682185329868,vila,vu,"vila,vu",,,,,
39.47991542089838,83.20566232900569,kuche,cn,"kuche,cn",,,,,
-16.02317050122315,-164.13113761591669,alofi,nu,"alofi,nu",82.4,65.0,10.29,0.0,"Alofi, NU"
-10.342684100800852,33.77551302250825,livingstonia,mw,"livingstonia,mw",67.84,51.0,4.05,71.0,"Livingstonia, MW"
23.923058629952678,31.394922397610486,aswan,eg,"aswan,eg",68.0,45.0,10.29,42.0,"Aswan, EG"
-28.272628232497624,174.8333068853267,kaeo,nz,"kaeo,nz",76.69,65.0,1.01,6.0,"Kaeo, NZ"
52.322542692421194,-96.1764058664587,gimli,ca,"gimli,ca",25.0,69.0,3.0,99.0,"Gimli, CA"
-2.110645632694286,-52.32271007133809,porto de moz,br,"porto de moz,br",79.34,66.0,3.74,8.0,"Porto de Moz, BR"
-33.44479593006451,23.05305222213923,willowmore,za,"willowmore,za",52.7,92.0,4.5,20.0,"Willowmore, ZA"
-8.651088319547512,-37.5761176183878,carnaiba,br,"carnaiba,br",68.92,83.0,7.7,0.0,"Carnaiba, BR"
1.348854260360369,122.02481009731969,gorontalo,id,"gorontalo,id",86.77,54.0,7.65,0.0,"Gorontalo, ID"
-13.730076997337648,128.412846643794,port keats,au,"port keats,au",95.29,44.0,11.07,63.0,"Port Keats, AU"
41.64161157334999,67.36281914117475,chardara,kz,"chardara,kz",,,,,
57.86471369246348,-59.02432951592414,saint-augustin,ca,"saint-augustin,ca",22.42,57.0,12.75,40.0,"Saint-Augustin, CA"
50.800237195564506,5.6224027339327165,riemst,be,"riemst,be",35.28,84.0,3.36,100.0,"Riemst, BE"
57.34928449922941,-1.412910488728869,boddam,gb,"boddam,gb",39.79,100.0,6.93,90.0,"Boddam, GB"
14.159854830727554,46.9241641153466,lahij,ye,"lahij,ye",76.69,76.0,12.5,1.0,"Lahij, YE"
65.31902826306705,-23.66182109877343,olafsvik,is,"olafsvik,is",,,,,
11.499631174605412,-59.90874286346205,scarborough,tt,"scarborough,tt",78.8,83.0,9.82,20.0,"Scarborough, TT"
50.71067816024123,-109.8863057632276,maple creek,ca,"maple creek,ca",42.24,65.0,17.07,96.0,"Maple Creek, CA"
24.600062285687002,115.65741482233432,rongcheng,cn,"rongcheng,cn",59.0,66.0,1.01,52.0,"Rongcheng, CN"
16.698143257207036,-65.34408172755471,maunabo,us,"maunabo,us",,,,,
37.170777182888884,31.51624798445772,manavgat,tr,"manavgat,tr",60.8,67.0,6.93,40.0,"Manavgat, TR"
21.398722006121105,17.74037716390177,faya,td,"faya,td",,,,,
80.36782331906724,151.23400397771746,chokurdakh,ru,"chokurdakh,ru",-4.2,98.0,4.83,94.0,"Chokurdakh, RU"
22.14527990132187,50.93176323999057,abu samrah,qa,"abu samrah,qa",,,,,
44.18265629397362,40.998669219165976,shedok,ru,"shedok,ru",46.13,24.0,5.26,0.0,"Shedok, RU"
59.91436154896144,69.01784047973615,uvat,ru,"uvat,ru",18.03,93.0,12.8,100.0,"Uvat, RU"
-3.324389201583159,172.02626387974374,utiroa,ki,"utiroa,ki",,,,,
58.52263262053145,41.19748666081742,vokhtoga,ru,"vokhtoga,ru",31.26,91.0,4.63,100.0,"Vokhtoga, RU"
35.16980975048676,-69.00695946896855,hamilton,bm,"hamilton,bm",68.27,94.0,4.7,75.0,"Hamilton, BM"
3.375086851146847,-64.6389574091476,inirida,co,"inirida,co",74.43,96.0,0.89,100.0,"Inirida, CO"
53.216820160126815,-120.06956942045746,one hundred mile house,ca,"one hundred mile house,ca",,,,,
-50.0580552712951,-81.00199770333515,coihaique,cl,"coihaique,cl",48.2,61.0,8.05,9.0,"Coihaique, CL"
22.869681753827876,-70.25748288663395,cockburn town,tc,"cockburn town,tc",80.6,74.0,6.93,40.0,"Cockburn Town, TC"
-26.36367828162971,153.158741537862,coolum beach,au,"coolum beach,au",92.05,65.0,10.0,0.0,"Coolum Beach, AU"
3.073394611499239,-47.741224019014,amapa,br,"amapa,br",79.2,81.0,1.66,72.0,"Amapa, BR"
47.07026059891223,40.18291997627466,kirovskaya,ru,"kirovskaya,ru",39.2,86.0,24.61,40.0,"Kirovskaya, RU"
1.356591675463477,20.738885823626532,bongandanga,cd,"bongandanga,cd",71.17,97.0,0.67,100.0,"Bongandanga, CD"
-41.00066335333132,-47.942576199129064,rocha,uy,"rocha,uy",53.53,87.0,5.1,13.0,"Rocha, UY"
10.710842275046588,82.42934563776714,mullaitivu,lk,"mullaitivu,lk",,,,,
31.258130648070363,100.87676538714146,yaan,cn,"yaan,cn",,,,,
2.097160968269506,9.58196907307277,bata,gq,"bata,gq",78.8,100.0,1.99,40.0,"Bata, GQ"
39.259064425046546,148.19488979270693,nemuro,jp,"nemuro,jp",35.6,47.0,8.05,75.0,"Nemuro, JP"
44.10600567044179,-69.73986066782912,gardiner,us,"gardiner,us",34.57,64.0,3.36,1.0,"Gardiner, US"
65.76720528643051,56.73627629046797,puteyets,ru,"puteyets,ru",31.89,91.0,14.43,100.0,"Puteyets, RU"
14.908978221455158,-2.51409806200968,douentza,ml,"douentza,ml",70.63,23.0,0.81,18.0,"Douentza, ML"
28.4980740208987,-138.6243612922332,half moon bay,us,"half moon bay,us",56.93,100.0,11.41,90.0,"Half Moon Bay, US"
43.260917671842236,32.12368417161005,zonguldak,tr,"zonguldak,tr",49.05,79.0,3.96,100.0,"Zonguldak, TR"
18.70150490671959,26.644147611857704,kutum,sd,"kutum,sd",66.74,45.0,6.71,0.0,"Kutum, SD"
68.00481566961992,4.772310451114862,bud,no,"bud,no",31.1,74.0,6.93,54.0,"Bud, NO"
-15.512437448952483,156.21115274287524,honiara,sb,"honiara,sb",87.8,70.0,10.29,75.0,"Honiara, SB"
38.3471741229998,-25.55412121863492,rabo de peixe,pt,"rabo de peixe,pt",60.8,59.0,5.82,75.0,"Rabo de Peixe, PT"
28.20191380646594,-92.47292561369142,abbeville,us,"abbeville,us",46.09,70.0,3.36,1.0,"Abbeville, US"
17.741838973507143,79.79320124206464,mahbubabad,in,"mahbubabad,in",75.72,78.0,0.83,47.0,"Mahbubabad, IN"
63.755167917328635,14.849259848913277,ostersund,se,"ostersund,se",13.23,92.0,4.27,90.0,"Ostersund, SE"
-20.707769964144433,34.43981078803364,beira,mz,"beira,mz",80.6,83.0,5.82,75.0,"Beira, MZ"
-28.385313632525616,171.31430929434242,vao,nc,"vao,nc",73.87,76.0,15.52,0.0,"Vao, NC"
70.47420885950626,134.70622231466575,ust-kuyga,ru,"ust-kuyga,ru",-18.92,99.0,2.51,100.0,"Ust-Kuyga, RU"
-41.89384473445389,40.94632641033036,margate,za,"margate,za",69.76,77.0,8.43,31.0,"Margate, ZA"
45.64674521716864,33.876338386610485,voyinka,ua,"voyinka,ua",49.68,82.0,8.72,100.0,"Voyinka, UA"
-20.65116688466506,-60.90829451408422,mayor pablo lagerenza,py,"mayor pablo lagerenza,py",73.33,55.0,1.68,100.0,"Mayor Pablo Lagerenza, PY"
58.35937096116916,167.9669087128836,tilichiki,ru,"tilichiki,ru",10.8,74.0,9.62,95.0,"Tilichiki, RU"
39.165516661022735,-19.097387160954355,vila franca do campo,pt,"vila franca do campo,pt",60.8,59.0,5.82,75.0,"Vila Franca do Campo, PT"
-10.319274609749115,-69.7701541825652,iberia,pe,"iberia,pe",69.46,99.0,2.01,100.0,"Iberia, PE"
-12.925562523031175,-60.12427891712136,vilhena,br,"vilhena,br",69.04,96.0,2.35,98.0,"Vilhena, BR"
8.433464835749916,26.246677805236544,raga,sd,"raga,sd",,,,,
65.31919240988213,21.849081029941942,pitea,se,"pitea,se",9.77,92.0,4.7,88.0,"Pitea, SE"
55.678490685648796,11.81336532588125,ejby,dk,"ejby,dk",47.59,93.0,13.87,100.0,"Ejby, DK"
45.33192449835701,-3.055293370897715,challans,fr,"challans,fr",43.99,93.0,9.17,100.0,"Challans, FR"
9.000322606117251,41.02922812989331,asbe teferi,et,"asbe teferi,et",55.53,58.0,1.74,0.0,"Asbe Teferi, ET"
30.223987963897045,-10.957332675896708,tiznit,ma,"tiznit,ma",47.03,66.0,17.69,0.0,"Tiznit, MA"
-0.32121006428579335,-0.4786490814568083,takoradi,gh,"takoradi,gh",78.84,83.0,4.0,78.0,"Takoradi, GH"
3.505334598430622,104.01411999761132,pekan,my,"pekan,my",84.07,79.0,4.7,20.0,"Pekan, MY"
49.96133002903818,34.61724038120178,poltava,ua,"poltava,ua",39.45,80.0,10.18,67.0,"Poltava, UA"
-29.217543279044293,-52.387122732804585,soledade,br,"soledade,br",71.6,88.0,13.87,75.0,"Soledade, BR"
-24.34482819220105,-69.14522159011776,antofagasta,cl,"antofagasta,cl",62.6,77.0,5.82,90.0,"Antofagasta, CL"
57.51182119562242,76.64324084965693,kyshtovka,ru,"kyshtovka,ru",3.4,87.0,14.09,100.0,"Kyshtovka, RU"
24.87849402523439,-112.94200967721856,constitucion,mx,"constitucion,mx",55.4,62.0,6.93,5.0,"Constitucion, MX"
49.0348707992072,92.17769173588829,ulaangom,mn,"ulaangom,mn",0.43,38.0,14.56,36.0,"Ulaangom, MN"
-15.70206414814497,23.925174454750078,senanga,zm,"senanga,zm",68.5,89.0,9.6,100.0,"Senanga, ZM"
51.628101393732436,-81.27143252311177,moose factory,ca,"moose factory,ca",5.0,60.0,14.99,1.0,"Moose Factory, CA"
69.72965186375322,12.083062717929351,gravdal,no,"gravdal,no",37.06,80.0,5.82,100.0,"Gravdal, NO"
52.37759811370955,145.01331397983387,katangli,ru,"katangli,ru",9.9,72.0,7.63,96.0,"Katangli, RU"
-11.791163747028008,28.7207498376755,mansa,zm,"mansa,zm",66.54,92.0,3.33,100.0,"Mansa, ZM"
63.05999544838906,162.6790065760007,kamenskoye,ru,"kamenskoye,ru",,,,,
85.40268891997547,10.03844510514375,barentsburg,sj,"barentsburg,sj",,,,,
-27.666326029372208,139.5097050163343,broken hill,au,"broken hill,au",69.8,37.0,9.17,8.0,"Broken Hill, AU"
65.44332282863849,134.25392017507374,batagay,ru,"batagay,ru",-19.91,98.0,0.29,100.0,"Batagay, RU"
12.375449618588561,-75.10543128308566,puerto colombia,co,"puerto colombia,co",81.66,83.0,9.17,75.0,"Puerto Colombia, CO"
-3.930527820459403,43.74575884745545,lamu,ke,"lamu,ke",77.0,100.0,10.33,1.0,"Lamu, KE"
6.9571926191989775,-55.37796739968907,nieuw amsterdam,sr,"nieuw amsterdam,sr",79.27,88.0,4.7,0.0,"Nieuw Amsterdam, SR"
28.72993765407405,119.01529551555433,quzhou,cn,"quzhou,cn",67.82,44.0,3.02,0.0,"Quzhou, CN"
39.83868791121654,93.82515106188407,hami,cn,"hami,cn",36.14,23.0,15.77,33.0,"Hami, CN"
63.224562980878375,87.76969543132424,turukhansk,ru,"turukhansk,ru",-16.19,93.0,6.62,97.0,"Turukhansk, RU"
25.31761361589942,64.87736784672592,ormara,pk,"ormara,pk",76.12,54.0,7.54,0.0,"Ormara, PK"
19.12266211800106,82.62408574812366,kotaparh,in,"kotaparh,in",71.33,66.0,1.68,0.0,"Kotaparh, IN"
23.89192189114202,75.77326196313408,alot,in,"alot,in",70.79,46.0,2.35,0.0,"Alot, IN"
-18.26308987759967,-84.47396614544209,pisco,pe,"pisco,pe",65.53,82.0,8.05,90.0,"Pisco, PE"
50.394742388061644,23.566184103619406,tomaszow lubelski,pl,"tomaszow lubelski,pl",46.99,98.0,3.0,45.0,"Tomaszow Lubelski, PL"
-43.87986847688666,163.36435855995273,te anau,nz,"te anau,nz",47.03,79.0,9.19,80.0,"Te Anau, NZ"
-23.153097383157785,132.66698984732398,alice springs,au,"alice springs,au",93.2,6.0,11.41,0.0,"Alice Springs, AU"
-42.44169728799557,176.34457290047817,waipawa,nz,"waipawa,nz",70.0,63.0,10.0,100.0,"Waipawa, NZ"
53.7786460471668,44.504684123773785,insar,ru,"insar,ru",31.42,89.0,10.85,69.0,"Insar, RU"
-15.442816814586152,159.97457671780757,kirakira,sb,"kirakira,sb",81.1,77.0,9.98,100.0,"Kirakira, SB"
63.33421556190348,68.55546257476954,oktyabrskoye,ru,"oktyabrskoye,ru",-16.98,74.0,6.71,100.0,"Oktyabrskoye, RU"
-22.886387556261013,67.08386799695853,grand river south east,mu,"grand river south east,mu",,,,,
-24.497518912605585,-61.866101129743,doctor pedro p. pena,py,"doctor pedro p. pena,py",,,,,
3.8014065526710112,-2.374246205803388,axim,gh,"axim,gh",75.06,92.0,1.68,76.0,"Axim, GH"
-17.076183004289078,-149.6628613416773,teavaro,pf,"teavaro,pf",86.0,62.0,5.82,40.0,"Teavaro, PF"
-50.324290362630784,-57.215819198920585,rawson,ar,"rawson,ar",61.59,40.0,19.51,60.0,"Rawson, AR"
20.785273085256264,40.46768741401124,mecca,sa,"mecca,sa",75.81,66.0,2.19,33.0,"Mecca, SA"
5.334098401298803,-50.2818772086969,saint-georges,gf,"saint-georges,gf",,,,,
-31.96800274799189,147.22562778595216,dubbo,au,"dubbo,au",80.6,15.0,14.99,32.0,"Dubbo, AU"
-18.962892813992966,-150.25371426129954,papara,pf,"papara,pf",,,,,
58.63136761735123,70.1757787626835,turtas,ru,"turtas,ru",18.03,93.0,12.8,100.0,"Turtas, RU"
40.975151202086266,84.72179885245811,korla,cn,"korla,cn",28.0,90.0,6.22,4.0,"Korla, CN"
23.18166529872576,5.574794131047838,arlit,ne,"arlit,ne",75.25,14.0,8.19,0.0,"Arlit, NE"
57.846734197289436,178.74695158981962,beringovskiy,ru,"beringovskiy,ru",29.61,76.0,21.61,100.0,"Beringovskiy, RU"
24.244715600026936,102.50682340810238,zhoucheng,cn,"zhoucheng,cn",64.4,48.0,4.47,1.0,"Zhoucheng, CN"
25.941176798436047,117.05075120942718,yongan,cn,"yongan,cn",42.89,21.0,4.23,59.0,"Yongan, CN"
58.656920098575114,62.24199472829429,karpuninskiy,ru,"karpuninskiy,ru",,,,,
14.341367116009891,-76.1678007746668,morant bay,jm,"morant bay,jm",78.96,58.0,3.36,75.0,"Morant Bay, JM"
1.5173463540948262,108.33000962683388,pemangkat,id,"pemangkat,id",,,,,
-21.081236344689017,16.323585486685317,omaruru,na,"omaruru,na",66.78,35.0,5.82,77.0,"Omaruru, NA"
78.37270964660527,-8.47088769627831,husavik,is,"husavik,is",35.6,64.0,11.41,98.0,"Husavik, IS"
34.859780980795165,131.0049854882131,nagato,jp,"nagato,jp",65.08,55.0,4.7,20.0,"Nagato, JP"
13.769353989426506,-88.91368004614962,san martin,sv,"san martin,sv",76.23,88.0,2.24,95.0,"San Martin, SV"
-3.59348404547616,111.02693763724807,pangkalanbuun,id,"pangkalanbuun,id",92.07,48.0,4.41,41.0,"Pangkalanbuun, ID"
41.032784314966165,-125.641220844293,eureka,us,"eureka,us",55.35,93.0,6.93,90.0,"Eureka, US"
-38.6703963619998,153.62573269751732,batemans bay,au,"batemans bay,au",69.35,61.0,4.0,20.0,"Batemans Bay, AU"
46.53663753042008,8.004284707320807,interlaken,ch,"interlaken,ch",33.6,93.0,1.12,75.0,"Interlaken, CH"
31.65764383753948,-74.30038334513218,havelock,us,"havelock,us",54.1,93.0,20.8,90.0,"Havelock, US"
2.5690752714029514,128.66182805600408,ternate,id,"ternate,id",83.73,74.0,3.83,62.0,"Ternate, ID"
-23.919548863918024,18.60001997837327,aranos,na,"aranos,na",67.57,12.0,4.61,56.0,"Aranos, NA"
18.485097279068214,71.90901942821722,alibag,in,"alibag,in",79.7,78.0,3.36,20.0,"Alibag, IN"
41.50765216878804,19.799371546337994,kruje,al,"kruje,al",57.2,82.0,1.12,75.0,"Kruje, AL"
27.554983539412234,126.33762955028658,yomitan,jp,"yomitan,jp",,,,,
-18.033911618881376,-153.1419144065406,vaitape,pf,"vaitape,pf",79.38,82.0,18.34,9.0,"Vaitape, PF"
1.5704264546926368,10.849229402722585,aconibe,gq,"aconibe,gq",67.66,99.0,2.75,100.0,"Aconibe, GQ"
-12.252852304538749,-48.01832732838335,parana,br,"parana,br",72.55,99.0,2.44,100.0,"Parana, BR"
42.7404805234234,73.73150711508003,oytal,kz,"oytal,kz",31.98,63.0,2.98,1.0,"Oytal, KZ"
32.217584175106055,-7.449375693196828,marrakesh,ma,"marrakesh,ma",46.4,87.0,1.12,40.0,"Marrakesh, MA"
-7.998133173778427,19.85590294454954,lucapa,ao,"lucapa,ao",66.15,97.0,2.86,87.0,"Lucapa, AO"
3.93664460860154,-5.6767315952201045,sassandra,ci,"sassandra,ci",75.83,92.0,5.23,93.0,"Sassandra, CI"
28.407349658952654,58.086637668082375,jiroft,ir,"jiroft,ir",,,,,
46.367643891989644,-118.2755997362114,walla walla,us,"walla walla,us",48.67,87.0,8.05,1.0,"Walla Walla, US"
21.43108037371981,140.81393047318227,shingu,jp,"shingu,jp",62.6,51.0,6.93,0.0,"Shingu, JP"
44.87034695310325,56.775236638053286,beyneu,kz,"beyneu,kz",30.79,76.0,7.72,0.0,"Beyneu, KZ"
44.55976634463272,11.26552878501343,calderara di reno,it,"calderara di reno,it",44.6,100.0,4.7,75.0,"Calderara di Reno, IT"
-10.476098593689343,-26.67942270137499,olinda,br,"olinda,br",70.57,88.0,3.36,90.0,"Olinda, BR"
55.86868162473823,-111.94842030595842,athabasca,ca,"athabasca,ca",34.45,95.0,6.78,100.0,"Athabasca, CA"
45.16644932074237,86.20446410295233,shihezi,cn,"shihezi,cn",29.37,42.0,14.29,33.0,"Shihezi, CN"
67.77949182134728,140.994742717255,deputatskiy,ru,"deputatskiy,ru",-8.77,100.0,0.47,63.0,"Deputatskiy, RU"
27.56124378262635,118.27662210193381,zhicheng,cn,"zhicheng,cn",55.24,27.0,9.46,100.0,"Zhicheng, CN"
41.146686054639076,-67.121825941933,yarmouth,ca,"yarmouth,ca",47.12,61.0,14.99,40.0,"Yarmouth, CA"
26.359526794090584,-155.9209894400293,ahuimanu,us,"ahuimanu,us",82.69,66.0,6.93,20.0,"Ahuimanu, US"
-19.563175318886778,146.49656009244114,townsville,au,"townsville,au",84.92,51.0,12.75,25.0,"Townsville, AU"
72.46789591978094,29.49604171799038,berlevag,no,"berlevag,no",36.46,64.0,8.86,100.0,"Berlevag, NO"
15.483401272986455,-42.026004427516625,cayenne,gf,"cayenne,gf",75.2,94.0,1.12,20.0,"Cayenne, GF"
61.77214762132425,46.901265653239676,solvychegodsk,ru,"solvychegodsk,ru",28.49,97.0,3.42,100.0,"Solvychegodsk, RU"
53.15666895827425,81.61165869701705,tyumentsevo,ru,"tyumentsevo,ru",-10.32,92.0,5.73,0.0,"Tyumentsevo, RU"
69.72604622038733,70.19536438088073,yar-sale,ru,"yar-sale,ru",5.11,93.0,19.26,100.0,"Yar-Sale, RU"
48.82553595045519,-109.69485723989212,havre,us,"havre,us",44.83,65.0,11.41,90.0,"Havre, US"
2.505507818703933,-63.24209986235759,boa vista,br,"boa vista,br",87.8,55.0,2.24,77.0,"Boa Vista, BR"
41.418442622836466,-70.96965506522916,new bedford,us,"new bedford,us",38.23,64.0,6.93,1.0,"New Bedford, US"
44.82160404075941,-78.67780378798206,fenelon falls,ca,"fenelon falls,ca",22.66,49.0,11.41,1.0,"Fenelon Falls, CA"
-18.17295559752891,113.06677010061628,karratha,au,"karratha,au",83.89,57.0,7.76,0.0,"Karratha, AU"
8.80916857255697,45.69011225669854,odweyne,so,"odweyne,so",,,,,
32.11749926578095,-19.39869761467162,ponta do sol,pt,"ponta do sol,pt",58.84,77.0,13.87,75.0,"Ponta do Sol, PT"
67.6131846056023,17.4293397974987,beisfjord,no,"beisfjord,no",27.54,65.0,14.99,3.0,"Beisfjord, NO"
-3.229213444593711,-81.31365043964104,zorritos,pe,"zorritos,pe",89.6,33.0,4.7,75.0,"Zorritos, PE"
18.617315228505362,38.817479182293596,tawkar,sd,"tawkar,sd",,,,,
45.588213263087965,-121.00597610448052,toppenish,us,"toppenish,us",40.06,100.0,2.77,1.0,"Toppenish, US"
44.60042442590179,22.481051006013445,kladovo,rs,"kladovo,rs",50.34,89.0,0.76,80.0,"Kladovo, RS"
58.573735928058284,-178.7121464123619,egvekinot,ru,"egvekinot,ru",10.04,94.0,12.5,59.0,"Egvekinot, RU"
7.774134465191494,-21.8519025130484,bubaque,gw,"bubaque,gw",83.05,73.0,13.09,80.0,"Bubaque, GW"
61.48739074503459,-47.99384118804292,paamiut,gl,"paamiut,gl",27.84,86.0,13.4,100.0,"Paamiut, GL"
-52.521322942272356,-68.4639833948159,rio gallegos,ar,"rio gallegos,ar",50.0,57.0,12.75,75.0,"Rio Gallegos, AR"
-34.46507734273469,168.7404066024456,ahipara,nz,"ahipara,nz",79.0,65.0,11.27,0.0,"Ahipara, NZ"
28.401030591923657,121.30514351064465,wenling,cn,"wenling,cn",70.38,55.0,7.49,0.0,"Wenling, CN"
1.2175394846812253,98.62959807997498,sibolga,id,"sibolga,id",86.11,62.0,1.59,1.0,"Sibolga, ID"
68.9961142067182,56.858354679979584,usinsk,ru,"usinsk,ru",29.93,92.0,25.03,100.0,"Usinsk, RU"
35.771439225527075,58.88354754635816,neyshabur,ir,"neyshabur,ir",35.96,74.0,17.05,58.0,"Neyshabur, IR"
-0.388762054861445,138.45920451158736,biak,id,"biak,id",81.19,68.0,7.34,0.0,"Biak, ID"
-18.86958688463139,27.222830533176563,hwange,zw,"hwange,zw",71.26,82.0,2.73,100.0,"Hwange, ZW"
34.43179953325455,47.09825864880017,kermanshah,ir,"kermanshah,ir",31.03,59.0,4.7,0.0,"Kermanshah, IR"
70.9261129623871,31.725377987850294,vardo,no,"vardo,no",35.24,71.0,12.12,100.0,"Vardo, NO"
67.34718307911905,156.06586065202578,srednekolymsk,ru,"srednekolymsk,ru",4.08,96.0,2.46,100.0,"Srednekolymsk, RU"
45.0054748244512,110.21066304724746,darhan,mn,"darhan,mn",8.89,92.0,14.16,100.0,"Darhan, MN"
-5.266276939552313,143.18429590773104,porgera,pg,"porgera,pg",62.01,91.0,2.91,93.0,"Porgera, PG"
-22.103908696419893,-67.61513840202919,calama,cl,"calama,cl",59.0,19.0,12.75,42.0,"Calama, CL"
-3.14853358736859,-173.5377282912437,sataua,ws,"sataua,ws",,,,,
48.37739977522463,44.525701651126326,bolshiye chapurniki,ru,"bolshiye chapurniki,ru",,,,,
57.88039640812829,-10.919172269160015,killybegs,ie,"killybegs,ie",45.25,70.0,3.71,97.0,"Killybegs, IE"
21.941894968764487,-71.8576653481388,cockburn harbour,tc,"cockburn harbour,tc",,,,,
41.12295892791576,22.11984033443639,exaplatanos,gr,"exaplatanos,gr",53.31,97.0,1.21,100.0,"Exaplatanos, GR"
10.940195749206893,-11.707391733730532,tougue,gn,"tougue,gn",70.16,71.0,2.82,79.0,"Tougue, GN"
37.239039635548025,20.662612579447767,lithakia,gr,"lithakia,gr",58.89,82.0,6.93,20.0,"Lithakia, GR"
3.4082989046943055,-166.53857119137206,saleaula,ws,"saleaula,ws",,,,,
-15.765292936764652,140.5979178666297,alyangula,au,"alyangula,au",87.8,62.0,11.41,0.0,"Alyangula, AU"
-20.572092113625985,149.7682260362792,mackay,au,"mackay,au",86.34,51.0,12.75,40.0,"Mackay, AU"
54.5488878530185,149.10653539133904,arman,ru,"arman,ru",29.41,58.0,27.45,100.0,"Arman, RU"
-13.807206664464928,57.53474683463938,cap malheureux,mu,"cap malheureux,mu",75.2,73.0,14.99,75.0,"Cap Malheureux, MU"
65.28312144501442,118.16470849457903,nyurba,ru,"nyurba,ru",-9.92,93.0,6.73,100.0,"Nyurba, RU"
7.795559047504796,131.0981624891814,kloulklubed,pw,"kloulklubed,pw",82.4,83.0,3.36,90.0,"Kloulklubed, PW"
